{
  "ablation": {
    "Full Synthony": {
      "train": {
        "top1": 0.35714285714285715,
        "top3": 0.5,
        "spearman": 0.03673469387755102,
        "ndcg": 0.8392835594748362,
        "n": 14
      },
      "test": {
        "top1": 0.0,
        "top3": 0.7142857142857143,
        "spearman": 0.12653061224489798,
        "ndcg": 0.7655482269144068,
        "n": 7
      }
    },
    "- Focus scaling": {
      "train": {
        "top1": 0.2857142857142857,
        "top3": 0.5,
        "spearman": 0.0653061224489796,
        "ndcg": 0.8376093171889332,
        "n": 14
      },
      "test": {
        "top1": 0.0,
        "top3": 0.7142857142857143,
        "spearman": 0.04081632653061224,
        "ndcg": 0.7646753986704933,
        "n": 7
      }
    },
    "- Stress profiling": {
      "train": {
        "top1": 0.35714285714285715,
        "top3": 0.5,
        "spearman": -0.04795918367346941,
        "ndcg": 0.8397369088659866,
        "n": 14
      },
      "test": {
        "top1": 0.2857142857142857,
        "top3": 0.7142857142857143,
        "spearman": 0.14285714285714285,
        "ndcg": 0.7819865679045455,
        "n": 7
      }
    },
    "- Stress - Focus": {
      "train": {
        "top1": 0.21428571428571427,
        "top3": 0.5,
        "spearman": -0.0030612244897959434,
        "ndcg": 0.8277607534562204,
        "n": 14
      },
      "test": {
        "top1": 0.0,
        "top3": 0.7142857142857143,
        "spearman": 0.31020408163265306,
        "ndcg": 0.7709188923107647,
        "n": 7
      }
    },
    "Vanilla LLM": {
      "train": {
        "top1": 0.429,
        "top3": 0.571,
        "spearman": 0.061,
        "ndcg": 0.882,
        "n": 14
      },
      "test": {
        "top1": 0.286,
        "top3": 0.429,
        "spearman": 0.004,
        "ndcg": 0.865,
        "n": 7
      }
    }
  },
  "stress_prediction": {
    "Majority": {
      "train": {
        "top1": 0.7142857142857143,
        "top3": 0.7142857142857143,
        "spearman": 0.2775510204081633,
        "ndcg": 0.9301309268116492,
        "n": 14
      },
      "test": {
        "top1": 0.8571428571428571,
        "top3": 0.8571428571428571,
        "spearman": 0.34693877551020413,
        "ndcg": 0.9392123915182439,
        "n": 7
      }
    },
    "LogReg": {
      "train": {
        "top1": 0.7142857142857143,
        "top3": 0.7142857142857143,
        "spearman": 0.2693877551020408,
        "ndcg": 0.9163828914394038,
        "n": 14
      },
      "test": {
        "top1": 0.7142857142857143,
        "top3": 0.8571428571428571,
        "spearman": 0.46122448979591846,
        "ndcg": 0.9534256477038258,
        "n": 7
      }
    },
    "DecTree": {
      "train": {
        "top1": 0.5714285714285714,
        "top3": 0.7142857142857143,
        "spearman": 0.26122448979591834,
        "ndcg": 0.9141547867809816,
        "n": 14
      },
      "test": {
        "top1": 0.7142857142857143,
        "top3": 0.7142857142857143,
        "spearman": 0.31428571428571433,
        "ndcg": 0.9236785008759941,
        "n": 7
      }
    },
    "kNN (k=3)": {
      "train": {
        "top1": 0.7142857142857143,
        "top3": 0.9285714285714286,
        "spearman": 0.5591836734693879,
        "ndcg": 0.9553621042960969,
        "n": 14
      },
      "test": {
        "top1": 0.8571428571428571,
        "top3": 0.8571428571428571,
        "spearman": 0.5428571428571429,
        "ndcg": 0.9505413835340806,
        "n": 7
      }
    }
  }
}